HashTag,CreatedTime,LastModifiedTime,State
getawscertifiedchallenge,2021-12-06 00:35:58,2021-12-06 00:35:58,Follow
dataanlytics,2021-11-25 03:01:10,2021-11-25 03:01:10,Follow
bigdatatechnologies,2021-11-25 03:01:06,2021-11-25 03:01:06,Follow
linkedinposts,2021-11-24 16:12:04,2021-11-24 16:12:04,Follow
linkldenposts,2021-11-24 16:10:58,2021-11-24 16:10:58,Follow
eygds,2021-11-10 02:25:29,2021-11-10 02:25:29,Follow
big4,2021-11-10 02:25:19,2021-11-10 02:25:19,Follow
big4jobs,2021-11-10 02:25:14,2021-11-10 02:25:14,Follow
career,2021-11-02 16:58:50,2021-11-02 16:58:50,Follow
opportunity,2021-11-02 16:58:49,2021-11-02 16:58:49,Follow
infographics,2021-10-16 15:07:42,2021-10-16 15:07:42,Follow
work,2021-10-14 18:19:34,2021-10-14 18:19:34,Follow
databrickssql,2021-10-05 14:29:21,2021-10-05 14:29:21,Follow
assetmanagement,2021-10-04 07:44:17,2021-10-04 07:44:17,Follow
cryptocurrency,2021-10-04 07:44:11,2021-10-04 07:44:11,Follow
jobposting,2021-10-04 07:44:05,2021-10-04 07:44:05,Follow
blockchain,2021-10-04 07:44:00,2021-10-04 07:44:00,Follow
decentralization,2021-10-04 07:43:54,2021-10-04 07:43:54,Follow
dataengineeringjobs,2021-10-04 02:10:10,2021-10-04 02:10:10,Follow
30daysofgooglecloud,2021-09-27 16:57:38,2021-09-27 16:57:38,Follow
dataanalytics,2021-09-26 17:20:27,2021-09-26 17:20:27,Follow
eygdsconsulting,2021-09-24 12:16:44,2021-09-24 12:16:44,Follow
publicissapient,2021-09-21 02:16:58,2021-09-21 02:16:58,Follow
cloudera,2021-09-21 02:16:49,2021-09-21 02:16:49,Follow
30daysofml,2021-09-03 05:44:12,2021-09-03 05:44:12,Follow
paypalcareers,2021-08-26 08:36:28,2021-08-26 08:36:28,Follow
feelstatistics,2021-08-19 18:01:50,2021-08-19 18:01:50,Follow
letslearntogether,2021-08-18 16:40:12,2021-08-18 16:40:12,Follow
hiringtalent,2021-08-16 16:52:53,2021-08-16 16:52:53,Follow
salarybreakdownwithsahil,2021-08-12 02:51:25,2021-08-12 02:51:25,Follow
engineering,2021-07-26 00:46:42,2021-07-26 00:46:42,Follow
snowflakedevelopers,2021-07-06 17:38:42,2021-07-06 17:38:42,Follow
dataarchitects,2021-07-06 17:38:33,2021-07-06 17:38:33,Follow
recruitment,2021-07-06 17:35:33,2021-07-06 17:35:33,Follow
cloudanalytics,2021-07-06 17:35:23,2021-07-06 17:35:23,Follow
awscloud,2021-07-06 17:35:20,2021-07-06 17:35:20,Follow
motivateyourself,2021-06-20 02:02:05,2021-06-20 02:02:05,Follow
datalover,2021-06-20 02:02:01,2021-06-20 02:02:01,Follow
100daysofcloud,2021-06-20 02:01:30,2021-06-20 02:01:30,Follow
100dayschallenge,2021-06-17 01:25:03,2021-06-17 01:25:03,Follow
datastructures,2021-06-17 01:24:57,2021-06-17 01:24:57,Follow
100daysofdsa,2021-06-17 01:24:52,2021-06-17 01:24:52,Follow
onlinelearningcenter,2021-06-15 16:05:36,2021-06-15 16:05:36,Follow
teamamex,2021-06-15 00:59:43,2021-06-15 00:59:43,Follow
banAbRcastereservation,2021-06-02 07:38:20,2021-06-02 07:38:20,Follow
learningeveryday,2021-05-30 07:23:36,2021-05-30 07:23:36,Follow
30daysoflearning,2021-05-30 07:23:29,2021-05-30 07:23:29,Follow
sqlquerywriting,2021-05-18 01:38:17,2021-05-18 01:38:17,Follow
hive,2021-05-16 16:00:35,2021-05-16 16:00:35,Follow
dataengineers,2021-05-11 16:33:42,2021-05-11 16:33:42,Follow
pythonjobs,2021-05-11 16:33:33,2021-05-11 16:33:33,Follow
bangalorejobs,2021-05-11 16:33:28,2021-05-11 16:33:28,Follow
awsjobs,2021-05-11 16:33:20,2021-05-11 16:33:20,Follow
azurejobs,2021-05-11 16:33:15,2021-05-11 16:33:15,Follow
healthcare,2021-05-10 17:15:31,2021-05-10 17:15:31,Follow
medical,2021-05-10 17:15:28,2021-05-10 17:15:28,Follow
oxygenconcentrator,2021-05-10 17:15:25,2021-05-10 17:15:25,Follow
oxygenshortage,2021-05-10 17:15:21,2021-05-10 17:15:21,Follow
oxygensupply,2021-05-10 17:15:18,2021-05-10 17:15:18,Follow
oxygenemergency,2021-05-10 17:15:15,2021-05-10 17:15:15,Follow
valuelabs,2021-05-10 17:14:18,2021-05-10 17:14:18,Follow
caring,2021-05-09 02:49:17,2021-05-09 02:49:17,Follow
deployments,2021-05-05 20:20:52,2021-05-05 20:20:52,Follow
ai,2021-05-05 20:20:28,2021-05-05 20:20:28,Follow
restapi,2021-05-05 20:20:06,2021-05-05 20:20:06,Follow
restapis,2021-05-05 20:19:58,2021-05-05 20:19:58,Follow
flask,2021-05-05 20:19:05,2021-05-05 20:19:05,Follow
mlops,2021-05-05 20:18:52,2021-05-05 20:18:52,Follow
numpy,2021-05-05 20:18:37,2021-05-05 20:18:37,Follow
careerchange,2021-05-05 10:37:36,2021-05-05 10:37:36,Follow
innovation,2021-05-03 02:48:20,2021-05-03 02:48:20,Follow
challengeaccepted,2021-05-02 12:52:38,2021-05-02 12:52:38,Follow
keeplearningkeepgrowing,2021-05-02 12:52:31,2021-05-02 12:52:31,Follow
beginnertoadvancedlevel,2021-05-02 12:52:26,2021-05-02 12:52:26,Follow
30daysofpython,2021-05-02 12:52:23,2021-05-02 12:52:23,Follow
opensource,2021-05-02 10:55:36,2021-05-02 10:55:36,Follow
accenture,2021-04-30 17:58:26,2021-04-30 17:58:26,Follow
bitcoin,2021-04-30 17:58:09,2021-04-30 17:58:09,Follow
data,2021-04-27 16:09:24,2021-04-27 16:09:24,Follow
technology,2021-04-27 16:09:16,2021-04-27 16:09:16,Follow
hiringengineers,2021-04-27 16:09:08,2021-04-27 16:09:08,Follow
canadaskilledvisa,2021-04-27 16:01:08,2021-04-27 16:01:08,Follow
canadaskilledmigration,2021-04-27 16:01:02,2021-04-27 16:01:02,Follow
jobassistance,2021-04-27 16:00:57,2021-04-27 16:00:57,Follow
dubai,2021-04-27 16:00:49,2021-04-27 16:00:49,Follow
canadapr,2021-04-27 16:00:44,2021-04-27 16:00:44,Follow
covid19canada,2021-04-27 16:00:00,2021-04-27 16:00:00,Follow
databricks,2021-04-27 12:59:57,2021-04-27 12:59:57,Follow
googlecloudplatform,2021-04-27 12:59:51,2021-04-27 12:59:51,Follow
latentviewanalytics,2021-04-27 09:26:01,2021-04-27 09:26:01,Follow
singapore,2021-04-27 08:58:51,2021-04-27 08:58:51,Follow
machinelearningdeployment,2021-04-27 08:50:52,2021-04-27 08:50:52,Follow
pythonprogramminglanguage,2021-04-24 12:26:17,2021-04-24 12:26:17,Follow
datascienceenthusiast,2021-04-24 12:26:09,2021-04-24 12:26:09,Follow
bigdatarevision,2021-04-24 08:11:59,2021-04-24 08:11:59,Follow
tutorialsdojo,2021-04-23 12:45:02,2021-04-23 12:45:02,Follow
awscertified,2021-04-23 12:38:40,2021-04-23 12:38:40,Follow
programming,2021-04-21 03:27:23,2021-04-21 03:27:23,Follow
hyderabad,2021-04-20 11:59:47,2021-04-20 11:59:47,Follow
gcp,2021-04-20 11:59:42,2021-04-20 11:59:42,Follow
bigdata,2021-04-20 11:59:31,2021-04-20 11:59:31,Follow
analyticsindiamag,2021-04-19 11:44:21,2021-04-19 11:44:21,Follow
datascientists,2021-04-19 11:44:17,2021-04-19 11:44:17,Follow
machinelearning,2021-04-19 11:41:07,2021-04-19 11:41:07,Follow
azuredeveloperleague,2021-04-19 11:39:26,2021-04-19 11:39:26,Follow
microsoftazure,2021-04-19 11:39:15,2021-04-19 11:39:15,Follow
manilajobs,2021-04-18 10:13:47,2021-04-18 10:13:47,Follow
toronto,2021-04-16 17:22:26,2021-04-16 17:22:26,Follow
tcscanada,2021-04-16 17:22:19,2021-04-16 17:22:19,Follow
jobsearch,2021-04-12 02:58:58,2021-04-12 02:58:58,Follow
sql,2021-04-11 17:39:28,2021-04-11 17:39:28,Follow
dataengineer,2021-04-11 09:25:16,2021-04-11 09:25:16,Follow
bigdatasolutions,2021-04-11 09:25:08,2021-04-11 09:25:08,Follow
linkedinconnections,2021-03-23 04:41:32,2021-03-23 04:41:32,Follow
linkedincommunity,2021-03-23 04:41:29,2021-03-23 04:41:29,Follow
linkedin,2021-03-23 04:41:25,2021-03-23 04:41:25,Follow
linkedinfamily,2021-03-23 04:41:17,2021-03-23 04:41:17,Follow
helpinghands,2021-03-23 00:30:54,2021-03-23 00:30:54,Follow
realestatetech,2021-03-21 08:31:46,2021-03-21 08:31:46,Follow
realestateplatform,2021-03-21 08:31:43,2021-03-21 08:31:43,Follow
investmentopportunities,2021-03-21 08:31:32,2021-03-21 08:31:32,Follow
investmentopportunity,2021-03-21 08:31:27,2021-03-21 08:31:27,Follow
vocalforlocalindia,2021-03-17 13:50:03,2021-03-17 13:50:03,Follow
canada,2021-03-17 02:45:48,2021-03-17 02:45:48,Follow
bigdataengineer,2021-03-16 12:55:36,2021-03-16 12:55:36,Follow
sparkAbRbasics,2021-03-16 12:55:11,2021-03-16 12:55:11,Follow
immigratetocanada,2021-02-16 04:36:10,2021-02-16 04:36:10,Follow
supportpradeeppoonia,2021-02-04 05:55:30,2021-02-04 05:55:30,Follow
eycareers,2021-01-30 01:27:32,2021-01-30 01:27:32,Follow
recruiting,2021-01-19 10:18:08,2021-01-19 10:18:08,Follow
pythonprogramming,2021-01-10 05:47:07,2021-01-10 05:47:07,Follow
dataanalysis,2021-01-08 19:09:45,2021-01-08 19:09:45,Follow
nlp,2021-01-08 19:09:43,2021-01-08 19:09:43,Follow
business,2021-01-08 19:09:36,2021-01-08 19:09:36,Follow
tensorflow,2021-01-08 19:09:34,2021-01-08 19:09:34,Follow
aws,2021-01-08 19:08:07,2021-01-08 19:08:07,Follow
datavisualization,2021-01-08 19:08:07,2021-01-08 19:08:07,Follow
singaporejobs,2021-01-08 13:06:11,2021-01-08 13:06:11,Follow
singaporehiring,2021-01-08 13:06:06,2021-01-08 13:06:06,Follow
isupportpradeeppoonia,2021-01-05 15:01:52,2021-01-05 15:01:52,Follow
artificialintelligence,2021-01-01 03:06:37,2021-01-01 03:06:37,Follow
jobs,2021-01-01 03:06:29,2021-01-01 03:06:29,Follow
reusable,2020-12-18 17:41:45,2020-12-18 17:41:47,Unfollow
zerocode,2020-12-18 17:41:40,2020-12-18 17:41:40,Follow
kafka,2020-12-18 17:41:30,2020-12-18 17:41:30,Follow
python,2020-12-16 02:03:17,2020-12-16 02:03:17,Follow
sumitteaches,2020-12-12 07:30:50,2020-12-12 07:30:50,Follow
100daysofsparkoptimizations,2020-12-04 17:17:19,2020-12-04 17:17:19,Follow
bytesizelearning,2020-11-02 16:18:54,2020-11-02 16:18:54,Follow
justenoughspark,2020-11-02 16:18:48,2020-11-02 16:18:48,Follow
dataengineering,2020-11-02 16:18:43,2020-11-02 16:18:43,Follow
apachespark,2020-11-02 16:18:39,2020-11-02 16:18:39,Follow
spark,2020-11-02 16:18:35,2020-11-02 16:18:35,Follow
pyspark,2020-11-02 16:18:25,2020-11-02 16:18:25,Follow
jobseekers,2020-10-12 07:47:59,2020-10-12 07:47:59,Follow
hiring,2020-09-27 05:30:49,2020-09-27 05:30:49,Follow
computerscience,2020-09-24 16:56:26,2020-09-24 16:56:26,Follow
statistics,2020-09-24 16:56:05,2020-09-24 16:56:05,Follow
cloud,2020-09-24 16:55:55,2020-09-24 16:55:55,Follow
ml,2020-04-25 16:02:05,2020-04-25 16:02:05,Follow
datascientist,2020-04-25 16:01:52,2020-04-25 16:01:52,Follow
colearninglounge,2019-11-16 16:37:44,2019-11-16 16:37:44,Follow
datascience,2019-10-01 15:44:23,2019-10-01 15:44:23,Follow
neuralnetworks,2018-03-01 18:45:30,2018-03-01 18:45:30,Follow
robotics,2018-03-01 18:45:22,2018-03-01 18:45:22,Follow
datamining,2018-03-01 18:45:21,2018-03-01 18:45:21,Follow
entrepreneurship,2018-03-01 18:42:40,2018-03-01 18:42:40,Follow
greentech,2018-03-01 18:42:39,2018-03-01 18:42:39,Unfollow
deeplearning,2018-03-01 18:42:34,2018-03-01 18:42:34,Follow
hadoop,2018-03-01 18:42:29,2018-03-01 18:42:29,Follow
internetofthings,2018-03-01 18:42:24,2018-03-01 18:42:24,Follow
businessintelligence,2018-03-01 18:41:57,2018-03-01 18:41:57,Follow
cryptography,2018-03-01 18:41:49,2018-03-01 18:41:49,Follow
softwareengineering,2018-03-01 18:41:18,2018-03-01 18:41:18,Follow
computersoftware,2018-03-01 18:40:22,2018-03-01 18:40:22,Unfollow
cloudcomputing,2018-03-01 18:39:59,2018-03-01 18:39:59,Follow
careers,2018-03-01 18:39:54,2018-03-01 18:39:54,Follow
clouds,2017-11-18 17:34:59,2017-11-18 17:34:59,Follow
india,2016-08-05 22:08:59,2016-08-05 22:08:59,Follow
